{"cameraMode":{"drawMode":0,"name":"Shaded","section":"Shading Mode"},"sceneLighting":true,"audioPlay":false,"sceneViewState":{"showFog":true,"showMaterialUpdate":false,"showSkybox":true,"showFlares":true,"showImageEffects":true,"showParticleSystems":true},"in2DMode":false,"pivot":{"x":-4.79914665222168,"y":0.703249990940094,"z":7.587644577026367},"rotation":{"x":0.11007958650588989,"y":0.7870854139328003,"z":-0.14714035391807557,"w":0.5888389945030212},"size":6.1307854652404789,"orthographic":false}