{"cameraMode":{"drawMode":0,"name":"Shaded","section":"Shading Mode"},"sceneLighting":true,"audioPlay":false,"sceneViewState":{"showFog":true,"showMaterialUpdate":false,"showSkybox":true,"showFlares":true,"showImageEffects":true,"showParticleSystems":true},"in2DMode":false,"pivot":{"x":-4.187146186828613,"y":-0.5656049251556397,"z":7.136950492858887},"rotation":{"x":0.15843211114406587,"y":0.750953733921051,"z":-0.19480061531066895,"w":0.610754132270813},"size":3.0034356117248537,"orthographic":false}