{"cameraMode":{"drawMode":0,"name":"Shaded","section":"Shading Mode"},"sceneLighting":true,"audioPlay":false,"sceneViewState":{"showFog":true,"showMaterialUpdate":false,"showSkybox":true,"showFlares":true,"showImageEffects":true,"showParticleSystems":true},"in2DMode":false,"pivot":{"x":41.5837516784668,"y":-60.459938049316409,"z":-86.80973815917969},"rotation":{"x":0.06262689083814621,"y":0.931381344795227,"z":-0.30226919054985049,"w":0.19297672808170319},"size":115.11681365966797,"orthographic":false}