{"cameraMode":{"drawMode":0,"name":"Shaded","section":"Shading Mode"},"sceneLighting":true,"audioPlay":false,"sceneViewState":{"showFog":true,"showMaterialUpdate":false,"showSkybox":true,"showFlares":true,"showImageEffects":true,"showParticleSystems":true},"in2DMode":false,"pivot":{"x":-3.43448543548584,"y":3.136789560317993,"z":2.448125123977661},"rotation":{"x":0.015308852307498455,"y":0.943932831287384,"z":-0.04421747475862503,"w":0.3268060088157654},"size":5.192340850830078,"orthographic":false}